id;username;gender;mobile;user_id
1;mobile Fish;MALE;Trace;1
2;Metal deposit;MALE;Implementation Electronics Officer;2
3;Home Loan Account;FEMALE;Namibia;1
4;Gorgeous Frozen Pants;MALE;Savings Account syndicate Planner;1
5;HDD;FEMALE;envisioneer Music Public-key;1
6;Bahamian Dollar Investment Account;FEMALE;copy convergence;1
7;Georgia Industrial;MALE;capacitor archive;2
8;Aruba;MALE;Louisiana Specialist Home Loan Account;1
9;scalable;FEMALE;deliverables reinvent 24 hour;1
10;magenta monitor 1080p;FEMALE;generating Highway Ergonomic;1
